Workbook

Sheet MRData
A1: er | B1: Food (X1) | C1: Décor (X2) | D1: Service (X3)
A2: 81 | B2: 23 | C2: 20 | D2: 23
A3: 28 | B3: 20 | C3: 14 | D3: 19
A4: 24 | B4: 22 | C4: 14 | D4: 16
A5: 38 | B5: 21 | C5: 21 | D5: 19
A6: 45 | B6: 22 | C6: 19 | D6: 21
A7: 49 | B7: 24 | C7: 20 | D7: 20
A8: 36 | B8: 24 | C8: 20 | D8: 23
A9: 60 | B9: 24 | C9: 19 | D9: 22
A10: 50 | B10: 23 | C10: 17 | D10: 20
A11: 41 | B11: 21 | C11: 23 | D11: 18
A12: 84 | B12: 25 | C12: 22 | D12: 24
A13: 64 | B13: 22 | C13: 23 | D13: 21
... A101: 45 | B101: 26 | C101: 21 | D101: 23

Sheet COMPUTE
A1: Regression Analysis | K1: Calculations
K2: b3 through b0 intercepts | L2: {=LINEST(MRData!$A$2:$A$101, MRData!$B$2:$D$101,TRUE,TRUE)} -> 2.8827186 | M2: 1.2949056 | N2: 0.32992185 | O2: -43.75621
A3: Regression Statistics | K3: b3 through b0 Standard Error | L3: 0.76488912 | M3: 0.48025514 | N3: 0.81701388 | O3: 15.421037
A4: Multiple R | B4: =SQRT(C12/C14) -> 0.62380586 | K4: R Square, Standard Error | L4: 0.38913375 | M4: 12.267715 | N4: #N/A | O4: #N/A
A5: R Square | B5: =L4 -> 0.38913375 | K5: F, Residual df | L5: 20.384626 | M5: 96 | N5: #N/A | O5: #N/A
A6: Adjusted R Square | B6: =1-(B14/B13)*(C13/C14) -> 0.37004418 | C6: =B6 -> 0.37004418 | K6: Regression SS, Residual SS | L6: 9203.4647 | M6: 14447.695 | N6: #N/A | O6: #N/A
A7: Standard Error | B7: =M4 -> 12.267715
A8: Observations | B8: =COUNT(MRData!$A$2:$A$101) -> 100 | K8: Confidence level | L8: 0.95
K9: t Critical Value | L9: =_xlfn.T.INV.2T(1-L8, B13) -> 1.9849843
A10: ANOVA | K10: Half Width b0 | L10: =L$9 * C17 -> 30.610517
B11: df | C11: SS | D11: MS | E11: F | F11: Significance F | K11: Half Width b1 | L11: =L$9 * C18 -> 1.6217597
A12: Regression | B12: =B14-B13 -> 3 | C12: =L6 -> 9203.4647 | D12: =C12/B12 -> 3067.8216 | E12: =L5 -> 20.384626 | F12: =_xlfn.F.DIST.RT(E12, B12, B13) -> 2.6528187e-10 | K12: Half Width b2 | L12: =L$9 * C19 -> 0.95329891
A13: Residual | B13: =M5 -> 96 | C13: =M6 -> 14447.695 | D13: =C13/B13 -> 150.49683 | K13: Half Width b3 | L13: =L$9 * C20 -> 1.5182929
A14: Total | B14: =B8-1 -> 99 | C14: =C12+C13 -> 23651.16
B16: Coefficients | C16: Standard Error | D16: t Stat | E16: P-value | F16: ="Lower " & TEXT(L8, "##%") -> Lower 95% | G16: ="Upper " & TEXT(L8, "##%") -> Upper 95% | H16: =F16 -> Lower 95% | I16: =G16 -> Upper 95%
A17: Intercept | B17: =$O$2 -> -43.75621 | C17: =$O$3 -> 15.421037 | D17: =B17/C17 -> -2.8374363 | E17: =_xlfn.T.DIST.2T(ABS(D17), B$13) -> 0.0055487167 | F17: =B17-L10 -> -74.366727 | G17: =B17+L10 -> -13.145694 | H17: =F17 -> -74.366727 | I17: =G17 -> -13.145694
A18: =MRData!B1 -> Food (X1) | B18: =$N$2 -> 0.32992185 | C18: =$N$3 -> 0.81701388 | D18: =B18/C18 -> 0.40381426 | E18: =_xlfn.T.DIST.2T(ABS(D18), B$13) -> 0.68724743 | F18: =B18-L11 -> -1.2918379 | G18: =B18+L11 -> 1.9516816 | H18: =F18 -> -1.2918379 | I18: =G18 -> 1.9516816
A19: =MRData!C1 -> Décor (X2) | B19: =$M$2 -> 1.2949056 | C19: =$M$3 -> 0.48025514 | D19: =B19/C19 -> 2.6962868 | E19: =_xlfn.T.DIST.2T(ABS(D19), B$13) -> 0.0082810581 | F19: =B19-L12 -> 0.34160668 | G19: =B19+L12 -> 2.2482045 | H19: =F19 -> 0.34160668 | I19: =G19 -> 2.2482045
A20: =MRData!D1 -> Service (X3) | B20: =$L$2 -> 2.8827186 | C20: =$L$3 -> 0.76488912 | D20: =B20/C20 -> 3.7688058 | E20: =_xlfn.T.DIST.2T(ABS(D20), B$13) -> 0.00028318651 | F20: =B20-L13 -> 1.3644257 | G20: =B20+L13 -> 4.4010115 | H20: =F20 -> 1.3644257 | I20: =G20 -> 4.4010115
A22: a. The regression equation is Y hat= -43.7562+0.3299X1 +1.2949X2 +2.8832X3, X1=Food, X2=Décor, X3=Service
A24: b. The y-intercept b0=-43.7562 estimates the cost per person if food, décor, service ratings are 0. This value has no practical interpretation
A25: b1=0.3299. The mean cost per person increases by 0.3299 units for every 1 unit increase in food rating, keeping décor and service rating constant.
A26: b2=1.2949. The mean cost per person increases by 1.2949 for every 1 unit in increase in décor rating, keeping food and service rating constant.
A27: b3=2.8827. The mean cost per person increases by 2.8827 for every 1 unit increase in service rating, keeping food and décor rating constant.
A29: c. H0: There is no linear relationship between the dependent variable (Y) and independent variables (X1, X2, & X3)
A30: H1: There is a linear relationship between the dependent variable (Y) and at least one independent variable.
A31: Since p-value (significance F) 0.0000 <0.05, Reject H0.
A32: There is enough evidence to conclude that there is a linear relationship with cost per person (Y) and at least one independent variable (X1, X2, X3)
A34: d. H0: There is no linear relationship between cost per person (Y) and food rating (X1).
A35: H1: There is a linear relationship between cost per person (Y) and food rating (X1)
A36: since p-value (0.6872) >0.05, do not reject H0. There is not enough evidence to conclude that there is a linear relationship between cost per person (Y) and food rating (X1)
... A51: independent of sample size and number of independent variables.

Sheet Sheet5

Sheet DATA
A1: Location | B1: Cost (Y) | C1: Food (X1) | D1: Décor (X2) | E1: Service (X3)
A2: Center City | B2: 81 | C2: 23 | D2: 20 | E2: 23
A3: Center City | B3: 28 | C3: 20 | D3: 14 | E3: 19
A4: Center City | B4: 24 | C4: 22 | D4: 14 | E4: 16
A5: Center City | B5: 38 | C5: 21 | D5: 21 | E5: 19
A6: Center City | B6: 45 | C6: 22 | D6: 19 | E6: 21
A7: Center City | B7: 49 | C7: 24 | D7: 20 | E7: 20
A8: Center City | B8: 36 | C8: 24 | D8: 20 | E8: 23
A9: Center City | B9: 60 | C9: 24 | D9: 19 | E9: 22
A10: Center City | B10: 50 | C10: 23 | D10: 17 | E10: 20
A11: Center City | B11: 41 | C11: 21 | D11: 23 | E11: 18
A12: Center City | B12: 84 | C12: 25 | D12: 22 | E12: 24
A13: Center City | B13: 64 | C13: 22 | D13: 23 | E13: 21
... A101: Metro Area | B101: 45 | C101: 26 | D101: 21 | E101: 23

Sheet Question
A1: Q. Zagat publishes restaurant ratings for various locations in the US. The data contains Zagat rating for food, décor, and cost per person for a sample of 50 center city restaurants and 50 metro area restaurants in NY. Develop a regression model to predict the cost per person, based on food, décor, and service ratings in restaurants. (Data extracted from https://www.chase.com/personal/zagat)
A2: a. State the multiple regression equation.
A3: b. Interpret the regression coefficients in a.
A4: c. Is there a significant relationship between price and three independent variables (food, décor, and service) at 0.05 level of significance?
A5: d. At 0.05 level of significance, determine whether each independent variable makes a contribution to the regression model.
A6: e. Compute and interpret the meaning of adjusted R2
